"id_ciudad","cod_pais","ciudad","latitud","longitud","id_departamento"
1,CO,Bogotá,4.711,-74.0721,3
2,CO,Medellín,6.2442,-75.5812,1
3,CO,Pereira,4.8087,-75.6906,20
4,CO,Ibagué,4.4447,-75.2424,23
5,CO,Cali,3.4516,-76.532,24
6,CO,Barranquilla,10.979485,-74.814241,2
7,CO,Cartagena,10.391,-75.4794,4
8,CO,Bucaramanga,7.1193,-73.1227,21
9,CO,Palmira,3.5320562,-76.312935,24
10,CO,Manizales,5.0687821,-75.5186625,6
11,CO,Sincelejo,9.2922333,-75.4123389,22
12,CO,Barrancabermeja,7.0675,-73.847222,21
13,CO,Melgar,4.203889,-74.642778,11
14,CO,Santa Marta,11.2316073,-74.2174168,15
15,CO,Cúcuta,7.9089243,-72.5744617,18
16,CO,Popayán,2.4574702,-76.6349538,8
17,CO,Tunja,5.5393784,-73.3912608,5
18,CO,Pasto,1.2135252,-77.3122422,17
19,CO,Duitama,5.8259912,-73.0476352,5
20,CO,Neira,5.1668521,-75.5247339,6
21,CO,Floridablanca,7.0780141,-73.1338546,21
22,CO,San Gil,6.5526854,-73.1536311,21
23,CO,Chía,4.8648005,-74.0684275,11
24,CO,Facatativá,4.8082391,-74.3630084,11
25,CO,Cajicá,4.9231299,-74.0415771,11
26,CO,Sopó,4.8932515,-74.0331957,11
27,CO,Piedecuesta,6.9879636,-73.0715083,21
28,CO,Tocancipá,4.9650019,-73.9195782,11
29,CO,Montería,8.7605469,-75.9169896,10
30,CO,Yarumal,6.9640204,-75.4281147,1
31,CO,Soacha,4.5792834,-74.229807,11
32,CO,Dosquebradas,4.8363266,-75.7149712,20
33,CO,Rionegro,6.1448793,-75.3925951,1
34,CO,Bello,6.3319642,-75.5879613,1
35,CO,Itagüí,6.1753778,-75.6314396,1
36,CO,Mosquera,4.7064627,-74.2431763,11
37,CO,Madrid,4.7331125,-74.2823262,11
38,CO,Envigado,6.1663544,-75.5994392,1
39,CO,Sabaneta,6.1492775,-75.6367833,1
40,CO,Tabio,4.9169727,-74.1007358,11
41,CO,Villavicencio,4.1249257,-73.6791013,16
42,CO,Acacías,4.338409,-74.1725243,16
43,CO,Aguachica,8.3059241,-73.6291741,9
44,CO,Aguazul,5.1685758,-72.5723237,26
45,CO,Anserma,5.2361823,-75.8008262,6
46,CO,Apartadó,7.8827607,-76.6422022,1
47,CO,Arauca,7.0761706,-70.7736889,25
48,CO,Armenia,4.5422707,-75.715569,19
49,CO,Barbosa,5.9343742,-73.6200569,21
50,CO,Buenaventura,3.8756618,-77.0582219,24
51,CO,Caicedonia,4.30737,-75.911179,24
52,CO,Calarcá,4.5231002,-75.6627261,19
53,CO,Caldas,6.0943167,-75.6508571,1
54,CO,Chinchina,5.0017537,-75.733715,6
55,CO,Chiquinquirá,5.6147747,-73.8370807,5
56,CO,Ciénaga,11.009056,-74.2632397,15
57,CO,Cimitarra,6.3152095,-73.9576607,21
58,CO,Copacabana,6.3576198,-75.5400978,1
59,CO,El Banco,9.003507,-73.9913737,15
60,CO,El Carmen De Viboral,6.0821778,-75.3548936,1
61,CO,Mesitas del Colegio,4.5783314,-74.4520398,11
62,CO,Espinal,4.1693014,-74.9760175,23
63,CO,Florencia,1.6188687,-75.6388618,7
64,CO,Garzón,2.1558401,-75.698397,13
65,CO,Girardot,4.3113081,-74.8281009,11
66,CO,Girardota,6.3783217,-75.4670272,1
67,CO,Girón,7.0736392,-73.2019908,21
68,CO,Buga,3.8990988,-76.3345817,24
69,CO,Riohacha,11.5344389,-72.9496761,14
70,CO,Guayabal,4.8783229,-74.4694722,11
71,CO,Jamundí,3.2612723,-76.5594051,24
72,CO,La Ceja,6.0276319,-75.4403514,1
73,CO,La Dorada,5.4727084,-74.7030038,6
74,CO,La Estrella,6.1387493,-75.6753044,1
75,CO,La Mesa,4.6343783,-74.4756161,11
76,CO,La Plata,2.3888585,-75.9004982,13
77,CO,La Unión,4.5335108,-76.1123712,24
78,CO,Leticia,-4.2031642,-69.9774759,29
79,CO,Líbano,4.9209558,-75.0806392,23
80,CO,Lorica,9.2424911,-75.8367127,10
81,CO,Marinilla,6.1730689,-75.3466732,1
82,CO,Mariquita,5.1995045,-74.9218544,23
83,CO,Granada,3.5448298,-73.7403013,16
84,CO,Montelíbano,7.9768021,-75.4347187,10
85,CO,Neiva,2.9376172,-75.34243,13
86,CO,Ocaña,8.2520484,-73.3882403,18
87,CO,Pitalito,1.8529804,-76.0724286,13
88,CO,Puerto Berrío,6.4777542,-74.4263096,1
89,CO,Puerto Boyacá,5.9742922,-74.6017236,5
90,CO,Puerto López,4.0913543,-72.9734281,16
91,CO,Quimbaya,4.6259075,-75.7706204,19
92,CO,Sabanalarga,10.627529,-74.9386441,2
93,CO,Sahagún,8.9337693,-75.4816848,10
94,CO,San Andrés,12.5404493,-81.7742954,28
95,CO,Tumaco,1.7874336,-78.7997743,17
96,CO,San José Del Guaviare,2.5693494,-72.6563816,31
97,CO,San Vicente Del Caguán,2.1129249,-74.7902257,7
98,CO,Santa Rosa De Cabal,4.8849515,-75.6565292,20
99,CO,Santander De Quilichao,3.0122803,-76.5020432,8
100,CO,Santo Tomás,10.7632856,-74.7776647,2
101,CO,Sevilla,4.2743777,-75.9485137,24
102,CO,Sogamoso,5.7237868,-72.9546003,5
103,CO,Soledad,10.9102654,-74.8235148,2
104,CO,Tame,6.4570936,-71.7630252,25
105,CO,Túquerres,1.0857394,-77.6273958,17
106,CO,Ubaté,5.3120238,-73.8269768,11
107,CO,Valledupar,10.4647686,-73.294166,9
108,CO,Yopal,5.3327952,-72.4085107,26
109,CO,Yumbo,3.5453343,-76.565068,24
110,CO,Zarzal,4.3886493,-76.0898912,24
111,CO,Zipaquirá,5.0214757,-74.0066581,11
112,CO,Ipiales,0.8262219,-77.6550351,17
113,CO,Cartago,4.7461031,-75.9629652,24
114,CO,Caucasia,7.9786912,-75.2153377,1
115,CO,Funza,4.7152193,-74.2252126,11
116,CO,Fusagasugá,4.3387471,-74.4018276,11
117,CO,Tuluá,4.0909792,-76.2313006,24
118,CO,Roldanillo,4.4141378,-76.1609278,24
119,CO,Chaparral,3.7533984,-75.7335539,23
120,CO,Don Matías,6.4857025,-75.4025852,1
122,CO,Quibdó,5.6956327,-76.6628026,12
123,CO,Saravena,6.9561067,-71.8901042,25
124,CO,Santo Domingo,6.4715736,-75.1690239,1
125,CO,Filandia,4.6757726,-75.6637364,19
126,CO,Pamplona,7.374873,-72.648148,18
127,CO,Sasaima,4.962959,-74.433584,11
128,CO,Cogua,5.061241,-73.977856,11
129,CO,Guasca,4.8660992,-73.8828888,11
130,CO,San Francisco,5.9634382,-75.1065153,1
131,CO,Gachantivá,5.7521398,-73.5515691,5
132,CO,Sesquilé,5.0452781,-73.8013019,11
133,CO,Cumaral,4.2666371,-73.5049953,16
134,CO,Magangué,9.2398158,-74.7766262,4
135,CO,Arjona,10.2525128,-75.3648181,4
136,CO,Turbaco,10.3310772,-75.4323676,4
137,CO,Tubará,10.872773,-74.9817313,2
139,CO,Flandes,4.2827539,-74.8234488,23
140,CO,Prado,3.7497407,-74.9321099,23
141,CO,Bojacá,4.7368486,-74.3486318,11
142,CO,Silvania,4.3890275,-74.4135321,11
143,CO,Albán,4.8785468,-74.4405572,11
144,CO,Galapa,10.8989444,-74.8925777,2
145,CO,Barbosa,6.4388122,-75.3428538,1
146,CO,Une,4.4025902,-74.0275732,11
147,CO,San Pedro,3.9932653,-76.2333799,24
148,CO,Mocoa,1.1523619,-76.6598098,27
149,CO,Puerto Colombia,11.005974,-74.948853,2
150,CO,La Victoria,4.5241263,-76.0448252,24
151,CO,Chinú,9.1059856,-75.4102818,10
152,CO,Coveñas,9.4039223,-75.6822081,22
153,CO,Clemencia,10.5682496,-75.3298818,4
154,CO,Retiro,6.0609652,-75.5069598,1
155,CO,San Pedro,6.4622206,-75.5657588,1
156,CO,Fundación,10.5171995,-74.1985922,15
157,CO,Malambo,10.8614142,-74.7922085,2
158,CO,Baranoa,10.7919651,-74.9239642,2
159,CO,Ricaurte,4.2801102,-74.8092741,11
160,CO,Villeta,5.00643,-74.473124,11
161,CO,Río Frío,10.9054402,-74.1738172,15
162,CO,Motavita,5.576768,-73.367739,5
163,CO,Honda,5.211883,-74.760291,23
164,CO,Sabanalarga,10.633518,-74.917787,2
165,CO,Maicao,11.37995,-72.238812,14
166,SV,San Salvador,13.6914684,-89.2847345,34
167,MX,Ciudad de México,19.3827346,-99.1417305,35
168,SV,Santa Ana,13.22248,-89.93192,105
169,SV,San Miguel,13.22203,-89.93147,103
171,SV,La Libertad,13.22107,-89.93051,99
181,PA,Panamá City,9.0813884,-79.5935645,36
182,PA,David,8.4050104,-82.4971234,37
183,PA,Colón,9.3235053,-80.0075078,38
184,PA,Penonomé,8.533601,-80.3968447,39
185,PA,Santiago,8.0854949,-80.9901494,40
186,PA,Bocas del Toro,9.3921117,-82.314769,41
187,PA,Chitré,7.9529547,-80.4440618,42
188,PA,Las Tablas,7.7726296,-80.298536,43
189,PA,Las Palmas,8.1472037,-81.4688057,40
190,MX,Acapulco,16.8531086,-99.8236533,55
191,MX,Aguascalientes,21.8852562,-102.2915677,44
192,MX,Campeche,19.8301251,-90.5349087,47
193,MX,Cancún,21.161908,-86.8515279,66
194,MX,Cárdenas,18.0012067,-93.3732339,70
195,MX,Celaya,20.5279612,-100.8112885,54
196,MX,Chetumal,18.5001889,-88.296146,66
197,MX,Chihuahua,28.6329957,-106.0691004,51
198,MX,Chilpancingo,17.5515346,-99.5006322,55
199,MX,Ciudad del Carmen,18.6504879,-91.8074585,47
200,MX,Ciudad Obregón,27.4827729,-109.930367,69
201,MX,Ciudad Victoria,23.7369164,-99.1411153,71
202,MX,Coatzacoalcos,18.1344779,-94.4589858,73
203,MX,Colima-Villa de Álvarez,19.2662338,-103.7390574,49
204,MX,Córdoba,18.8838909,-96.9237751,73
205,MX,Cuautla,18.8126047,-98.9548261,60
206,MX,Cuernavaca,18.9242095,-99.2215659,60
207,MX,Culiacán,24.8090649,-107.3940117,68
208,MX,Durango,24.0277202,-104.6531759,53
209,MX,Ensenada,31.8667427,-116.5963713,45
210,MX,Guadalajara,20.6596988,-103.3496092,57
211,MX,Guadalupe,22.7565759,-102.511889,75
212,MX,Guanajuato,20.9170187,-101.2573586,54
213,MX,Guaymas,27.9178651,-110.9089378,69
214,MX,Hermosillo,29.0729673,-110.9559192,69
215,MX,Irapuato,20.6786652,-101.3544964,54
216,MX,Juárez,31.6903638,-106.4245478,51
217,MX,La Laguna,27.9141667,-100.4280556,48
218,MX,La Paz,24.1165112,-110.3377464,46
219,MX,La Piedad-Pénjamo,20.3689912,-101.9961594,54
220,MX,León,21.1250077,-101.6859605,54
221,MX,Los Cabos,22.8905327,-109.9167371,46
222,MX,Los Mochis,25.7904657,-108.985882,68
223,MX,Manzanillo,19.1138094,-104.3384616,49
224,MX,Matamoros,25.8690294,-97.5027375,71
225,MX,Mazatlán,23.2494148,-106.4111425,68
226,MX,Mérida,20.9673702,-89.5925857,74
227,MX,Mexicali,32.6245389,-115.4522623,45
228,MX,Minatitlán,18.0005464,-94.5572847,73
229,MX,Monclova-Frontera,26.9377144,-101.4446968,48
230,MX,Monterrey,25.6866142,-100.3161126,62
231,MX,Morelia,19.7059504,-101.1949825,59
232,MX,Nuevo Laredo,27.4779362,-99.549573,71
233,MX,Oaxaca,17.0731842,-96.7265889,63
234,MX,Ocotlán,20.3417485,-102.7652326,57
235,MX,Orizaba,18.8504744,-97.1036396,73
236,MX,Pachuca,20.1010608,-98.7591311,56
237,MX,Piedras Negras,28.6916182,-100.5408622,48
238,MX,Poza Rica,20.5270592,-97.4629119,73
239,MX,Puebla-Tlaxcala,19.1446403,-98.265058,64
240,MX,Puerto Vallarta,20.653407,-105.2253316,57
241,MX,Querétaro,20.5887932,-100.3898881,65
242,MX,Reynosa-Río Bravo,25.9860315,-98.0956327,71
243,MX,Rioverde-Ciudad Fernández,21.9368487,-100.0303723,67
244,MX,Salamanca,20.5739314,-101.1957172,54
245,MX,Saltillo,25.4383234,-100.973678,48
246,MX,San Francisco del Rincón,21.0170828,-101.8492577,54
247,MX,San Juan del Río,20.3951106,-99.9856344,65
248,MX,San Luis Potosí-Soledad,22.1807042,-100.9417767,67
249,MX,Tampico-Pánuco,22.2331041,-97.861099,71
250,MX,Tapachula,14.9055599,-92.2634206,50
251,MX,Tecomán,18.9173829,-103.8738031,49
252,MX,Tehuacán,18.4665063,-97.400380099,64
253,MX,Tehuantepec-Salina Cruz,16.3226994,-95.24233,63
254,MX,Tepic,21.5041651,-104.8945887,61
255,MX,Tijuana,32.5149469,-117.0382471,45
256,MX,Tlaxcala-Apizaco,19.415881,-98.1393179,72
257,MX,Toluca,19.2826098,-99.6556653,58
258,MX,Tula,20.0535516,-99.3395636,56
259,MX,Tulancingo,20.0904802,-98.3690922,56
260,MX,Tuxtla Gutiérrez,16.7516009,-93.1029939,50
261,MX,Uruapan,19.4064492,-102.0430476,59
262,MX,Valle de México,19.2464696,-99.1013498,52
263,MX,Veracruz,19.173773,-96.1342241,73
264,MX,Villahermosa,17.989456,-92.9475061,70
265,MX,Xalapa,19.5437751,-96.9101805,73
266,MX,Zamora-Jacona,19.9534201,-102.3068608,59
267,CO,Paz de Ariporo,5.882815,-71.891109,26
268,SV,Lourdes,13.728152,-89.385735,99
270,CO,Cota,4.808314,-74.102195,11
271,CO,Puerto Tejada,3.217075,-76.415034,8
272,CO,Guaduas,5.070685,-74.600443,11
279,GT,Ciudad de Guatemala,14.6349,-90.5069,76
297,CO,Málaga,6.703559,-72.730063,21
298,CO,Andes,5.656421,-75.879311,1
299,CO,Paipa,5.780496,-73.118844,5
300,CO,Bosconia,9.9731358,-73.8974158,9
301,CO,Sibaté,4.4943583,-74.2715952,11
302,CO,Fresno,5.1533272,-75.0520525,23
303,CO,Valdivia,7.2912,-75.3922,1
304,CO,Buenavista,5.521037,-73.941725,5
305,CO,El Bordo,2.116884,-76.984054,8
306,CO,Villanueva,4.609712,-72.929699,26
307,HN,Veracruz,14.8934415,-88.7837899,81
308,HN,Tegucigalpa,14.0839962,-87.2399922,84
309,HN,El Progreso,15.4156355,-87.864291,94
310,HN,Choloma,15.5953142,-87.9908587,82
311,HN,Puerto Cortés,15.8312096,-87.9440977,82
312,HN,La Ceiba,15.7605292,-86.8434804,77
313,HN,Choluteca,13.3011286,-87.2062974,78
314,HN,Juticalpa,14.6562056,-86.2449509,91
315,HN,Catacamas,14.8420605,-85.9052326,91
316,HN,Tela,15.7717133,-87.4816893,77
317,HN,Comayagua,14.4439859,-87.7340502,80
318,HN,Villanueva,15.3261169,-88.0087098,82
319,HN,Olanchito,15.4806038,-86.6042805,94
320,HN,Santa Cruz de Yojoa,14.9898702,-87.9059459,82
321,HN,Siguatepeque,14.5979928,-87.8535033,80
322,HN,Trojes,14.0805226,-86.0027147,83
323,HN,Yoro,15.1420251,-87.1509792,94
324,HN,Sonaguera,15.6126596,-86.2872649,79
325,HN,Santa Rosa de Copán,14.7821409,-88.7911606,81
326,HN,La Lima,15.4369242,-87.9291202,82
327,HN,San Pedro Sula,15.5197243,-88.05553,82
328,CO,SAN MARCOS,8.663213,-75.133035,22
329,CO,SAN PELAYO,8.958255,-75.836699,10
330,CO,CERETE,8.890632,-75.791058,10
331,CO,POLONUEVO,10.777703,-74.852862,2
332,CO,AYAPEL,8.311196,-75.144321,10
333,CO,ZONA BANANERA,10.804276,-74.164671,15
335,CO,CHIRIGUANA,9.36085,-73.600082,9
336,CO,PIJINO DEL CARMEN,9.331648,-74.453867,15
338,CO,CHIMICHAGUA,9.258019,-73.812882,9
339,CO,NUEVA GRANADA,9.801557,-74.390936,15
340,CO,SAN PELAYO,8.957449,-75.835927,10
341,CO,LA JAGUA DE IBIRICO,9.561687,-73.335767,9
342,CO,SABANAGRANDE,10.791624,-74.755716,2
343,CO,SAN JUAN NEPOMUCENO,9.951647,-75.083914,4
344,CO,REPELON,10.494498,-75.123957,2
345,CO,EL COPEY,10.148829,-73.962422,9
346,CO,TURBANA,10.273518,-75.441186,4
348,CO,LA PAZ,10.386698,-73.17244,9
349,CO,SAN JACINTO,9.829117,-75.123553,4
350,CO,PALMAR DE VARELA,10.740271,-74.755787,2
351,CO,BECERRIL,9.702894,-73.280018,9
352,CO,ARACATACA,10.591926,-74.188291,15
353,CO,EL CARMEN DE BOLIVAR,9.71718,-75.122294,4
354,CO,SANTA ROSA,10.446059,-75.3702,4
355,CO,SAN PELAYO,8.956729,-75.835927,10
356,CO,MONITOS,9.24687,-76.130992,10
357,CO,MAJAGUAL,8.540762,-74.629752,22
358,CO,SAN MARCOS,8.663171,-75.131228,22
359,CO,ARIGUANI,9.832395,-74.096408,15
360,CO,SANTA ANA,9.322601,-74.570437,15
361,CO,FONSECA,10.886018,-72.853532,14
362,CO,PUEBLO NUEVO,8.502727,-75.508396,10
363,CO,SAN JUAN DEL CESAR,10.771191,-73.002672,14
364,CO,Sáchica,5.582378,-73.543007,5
365,CO,Heliconia,6.208353,-75.734618,1
366,CO,Plato,9.793031,-74.78644,15
367,CO,Pivijay,10.462246,-74.617596,15
368,CO,Corozal,9.322541,-75.295485,22
369,CO,Mompós,9.239236,-74.424153,4
370,CO,Planeta Rica,8.413305,-75.587143,10
371,CO,La Loma,9.618763,-73.595644,9
372,CO,Barrancas,10.95592,-72.797328,14
373,CO,Ciénaga de Oro,8.879094,-75.6218,10
374,CO,El Difícil,9.850346,-74.236093,15
375,CO,Curumaní,9.200836,-73.543953,9
376,CO,Pelaya,8.688116,-73.666128,9
377,CO,Pailitas,8.95944,-73.626974,9
378,CO,Tamalameque,8.861977,-73.81038,9
379,CO,Gamarra,8.319062,-73.743343,9
380,CO,Urumita,10.559711,-73.012679,14
381,CO,Hatonuevo,11.066059,-72.76309,14
382,CO,San Luis de Sincé,9.244543,-75.148653,22
383,CO,Sampués,9.182432,-75.381468,22
384,CO,Fómeque,4.48482,-73.893946,11
385,CO,Subachoque,4.928992,-74.173333,11
386,CO,Santa Rosa de Osos,6.644392,-75.46129,1
387,CO,Amaga,6.03643,-75.701977,1
388,CO,Jardín,5.598497,-75.819922,1
389,CO,Betania,5.745889,-75.977909,1
390,CO,Ciudad Bolivar,5.840627,-76.051786,1
391,CO,Urrao,6.314241,-76.132473,1
392,CO,Fredonia,5.926332,-75.67128,1
393,CO,Guarne,6.278574,-75.443071,1
394,CO,El Santuario,6.140038,-75.271023,1
395,CO,La Unión,5.974426,-75.360124,1
396,CO,Chigorodo,7.667944,-76.679289,1
398,CO,Carepa,7.754927,-76.65649,1
399,CO,Turbo,8.094898,-76.730951,1
400,CO,Currulao,7.996976,-76.63567,1
401,CO,Buriticá,6.721917,-75.905976,1
402,CO,Peñol,6.2188414,-75.2519497,1
403,CO,Guacarí,3.7629809,-76.3412263,24
404,CO,El Cerrito,3.6835284,-76.3193272,24
405,CO,Ginebra,3.7252451,-76.2736558,24
406,CO,Restrepo,3.810479,-76.59237,24
407,CO,Rozo,3.6157673,-76.3902837,24
408,GT,Cahabón,14.9696418,-89.5424891,108
409,GT,Chahal,14.9696418,-89.5424891,108
410,GT,Chisec,14.9696418,-89.5424891,108
411,GT,Cobán,14.9696418,-89.5424891,108
412,GT,Fray Bartolomé de las Casas,14.9696418,-89.5424891,108
413,GT,Lanquín,14.9696418,-89.5424891,108
414,GT,Panzós,14.9696418,-89.5424891,108
415,GT,Raxruha,14.9696418,-89.5424891,108
416,GT,San Cristóbal Verapaz,14.9696418,-89.5424891,108
417,GT,San Juan Chamelco,14.9696418,-89.5424891,108
418,GT,San Pedro Carchá,14.9696418,-89.5424891,108
419,GT,Santa Cruz Verapaz,14.9696418,-89.5424891,108
420,GT,Senahú,14.9696418,-89.5424891,108
421,GT,Tactic,14.9696418,-89.5424891,108
422,GT,Tamahú,14.9696418,-89.5424891,108
423,GT,Tucurú,14.9696418,-89.5424891,108
424,GT,Santa Catarina La Tinta,14.9696418,-89.5424891,108
425,GT,Cubulco,14.9696418,-89.5424891,109
426,GT,Granados,14.9696418,-89.5424891,109
427,GT,Purulhá,14.9696418,-89.5424891,109
428,GT,Rabinal,14.9696418,-89.5424891,109
429,GT,Salamá,14.9696418,-89.5424891,109
430,GT,San Jerónimo,14.9696418,-89.5424891,109
431,GT,San Miguel Chicaj,14.9696418,-89.5424891,109
432,GT,Santa Cruz El Chol,14.9696418,-89.5424891,109
433,GT,Acatenango,14.9696418,-89.5424891,110
434,GT,Chimaltenango,14.9696418,-89.5424891,110
435,GT,El Tejar,14.9696418,-89.5424891,110
436,GT,Parramos,14.9696418,-89.5424891,110
437,GT,Patzicía,14.9696418,-89.5424891,110
438,GT,Patzún,14.9696418,-89.5424891,110
439,GT,Pochuta,14.9696418,-89.5424891,110
440,GT,San Andrés Itzapa,14.9696418,-89.5424891,110
441,GT,San José Poaquil,14.9696418,-89.5424891,110
442,GT,San Juan Comalapa,14.9696418,-89.5424891,110
443,GT,San Martín Jilotepeque,14.9696418,-89.5424891,110
444,GT,Santa Apolonia,14.9696418,-89.5424891,110
445,GT,Santa Cruz Balanyá,14.9696418,-89.5424891,110
446,GT,Tecpán Guatemala,14.9696418,-89.5424891,110
447,GT,Yepocapa,14.9696418,-89.5424891,110
448,GT,Zaragoza,14.9696418,-89.5424891,110
449,GT,Camotán,14.9696418,-89.5424891,111
450,GT,Chiquimula,14.9696418,-89.5424891,111
451,GT,Concepción Las Minas,14.9696418,-89.5424891,111
452,GT,Esquipulas,14.9696418,-89.5424891,111
453,GT,Ipala,14.9696418,-89.5424891,111
454,GT,Jocotán,14.9696418,-89.5424891,111
455,GT,Olopa,14.9696418,-89.5424891,111
456,GT,Quezaltepeque,14.9696418,-89.5424891,111
457,GT,San Jacinto,14.9696418,-89.5424891,111
458,GT,San José La Arada,14.9696418,-89.5424891,111
459,GT,San Juan Ermita,14.9696418,-89.5424891,111
460,GT,El Jícaro,14.9696418,-89.5424891,112
461,GT,Guastatoya,14.9696418,-89.5424891,112
462,GT,Morazán,14.9696418,-89.5424891,112
463,GT,San Agustín Acasaguastlán,14.9696418,-89.5424891,112
464,GT,San Antonio La Paz,14.9696418,-89.5424891,112
465,GT,San Cristóbal Acasaguastlán,14.9696418,-89.5424891,112
466,GT,Sanarate,14.9696418,-89.5424891,112
467,GT,Sansare,14.9696418,-89.5424891,112
468,GT,Escuintla,14.9696418,-89.5424891,113
469,GT,Guanagazapa,14.9696418,-89.5424891,113
470,GT,Iztapa,14.9696418,-89.5424891,113
471,GT,La Democracia,14.9696418,-89.5424891,113
472,GT,La Gomera,14.9696418,-89.5424891,113
473,GT,Masagua,14.9696418,-89.5424891,113
474,GT,Nueva Concepción,14.9696418,-89.5424891,113
475,GT,Palín,14.9696418,-89.5424891,113
476,GT,San José,14.9696418,-89.5424891,113
477,GT,San Vicente Pacaya,14.9696418,-89.5424891,113
478,GT,Santa Lucía Cotzumalguapa,14.9696418,-89.5424891,113
479,GT,Siquinalá,14.9696418,-89.5424891,113
480,GT,Tiquisate,14.9696418,-89.5424891,113
481,GT,Amatitlán,14.9696418,-89.5424891,76
482,GT,Chinautla,14.9696418,-89.5424891,76
483,GT,Chuarrancho,14.9696418,-89.5424891,76
484,GT,Fraijanes,14.9696418,-89.5424891,76
485,GT,Mixco,14.9696418,-89.5424891,76
486,GT,Palencia,14.9696418,-89.5424891,76
487,GT,Petapa,14.9696418,-89.5424891,76
488,GT,San José del Golfo,14.9696418,-89.5424891,76
489,GT,San José Pinula,14.9696418,-89.5424891,76
490,GT,San Juan Sacatepéquez,14.9696418,-89.5424891,76
491,GT,San Pedro Ayampuc,14.9696418,-89.5424891,76
492,GT,San Pedro Sacatepéquez,14.9696418,-89.5424891,76
493,GT,San Raymundo,14.9696418,-89.5424891,76
494,GT,Santa Catarina Pinula,14.9696418,-89.5424891,76
495,GT,Villa Canales,14.9696418,-89.5424891,76
496,GT,Villa Nueva,14.9696418,-89.5424891,76
497,GT,Aguacatán,14.9696418,-89.5424891,114
498,GT,Chiantla,14.9696418,-89.5424891,114
499,GT,Colotenango,14.9696418,-89.5424891,114
500,GT,Concepción Huista,14.9696418,-89.5424891,114
501,GT,Cuilco,14.9696418,-89.5424891,114
502,GT,Huehuetenango,14.9696418,-89.5424891,114
503,GT,Ixtahuacán,14.9696418,-89.5424891,114
504,GT,Jacaltenango,14.9696418,-89.5424891,114
505,GT,La Democracia,14.9696418,-89.5424891,114
506,GT,La Libertad,14.9696418,-89.5424891,114
507,GT,Malacatancito,14.9696418,-89.5424891,114
508,GT,Nentón,14.9696418,-89.5424891,114
509,GT,San Antonio Huista,14.9696418,-89.5424891,114
510,GT,San Gaspar Ixchil,14.9696418,-89.5424891,114
511,GT,San Juan Atitán,14.9696418,-89.5424891,114
512,GT,San Juan Ixcoy,14.9696418,-89.5424891,114
513,GT,San Mateo Ixtatán,14.9696418,-89.5424891,114
514,GT,San Miguel Acatán,14.9696418,-89.5424891,114
515,GT,San Pedro Necta,14.9696418,-89.5424891,114
516,GT,San Rafael La Independencia,14.9696418,-89.5424891,114
517,GT,San Rafael Petzal,14.9696418,-89.5424891,114
518,GT,San Sebastián Coatán,14.9696418,-89.5424891,114
519,GT,San Sebastián Huehuetenango,14.9696418,-89.5424891,114
520,GT,Santa Ana Huista,14.9696418,-89.5424891,114
521,GT,Santa Bárbara,14.9696418,-89.5424891,114
522,GT,Santa Cruz Barillas,14.9696418,-89.5424891,114
523,GT,Santa Eulalia,14.9696418,-89.5424891,114
524,GT,Santiago Chimaltenango,14.9696418,-89.5424891,114
525,GT,Soloma,14.9696418,-89.5424891,114
526,GT,Tectitán,14.9696418,-89.5424891,114
527,GT,Todos Santos Cuchumatan,14.9696418,-89.5424891,114
528,GT,La Unión Cantinil,14.9696418,-89.5424891,114
529,GT,El Estor,14.9696418,-89.5424891,115
530,GT,Livingston,14.9696418,-89.5424891,115
531,GT,Los Amates,14.9696418,-89.5424891,115
532,GT,Morales,14.9696418,-89.5424891,115
533,GT,Puerto Barrios,14.9696418,-89.5424891,115
534,GT,Jalapa,14.9696418,-89.5424891,116
535,GT,Mataquescuintla,14.9696418,-89.5424891,116
536,GT,Monjas,14.9696418,-89.5424891,116
537,GT,San Carlos Alzatate,14.9696418,-89.5424891,116
538,GT,San Luis Jilotepeque,14.9696418,-89.5424891,116
539,GT,San Manuel Chaparrón,14.9696418,-89.5424891,116
540,GT,San Pedro Pinula,14.9696418,-89.5424891,116
541,GT,Agua Blanca,14.9696418,-89.5424891,117
542,GT,Asunción Mita,14.9696418,-89.5424891,117
543,GT,Atescatempa,14.9696418,-89.5424891,117
544,GT,Comapa,14.9696418,-89.5424891,117
545,GT,Conguaco,14.9696418,-89.5424891,117
546,GT,El Adelanto,14.9696418,-89.5424891,117
547,GT,El Progreso,14.9696418,-89.5424891,117
548,GT,Jalpatagua,14.9696418,-89.5424891,117
549,GT,Jerez,14.9696418,-89.5424891,117
550,GT,Jutiapa,14.9696418,-89.5424891,117
551,GT,Moyuta,14.9696418,-89.5424891,117
552,GT,Pasaco,14.9696418,-89.5424891,117
553,GT,Quezada,14.9696418,-89.5424891,117
554,GT,San José Acatempa,14.9696418,-89.5424891,117
555,GT,Santa Catarina Mita,14.9696418,-89.5424891,117
556,GT,Yupiltepeque,14.9696418,-89.5424891,117
557,GT,Zapotitlán,14.9696418,-89.5424891,117
558,GT,Dolores,14.9696418,-89.5424891,118
559,GT,Flores,14.9696418,-89.5424891,118
560,GT,La Libertad,14.9696418,-89.5424891,118
561,GT,Melchor de Mencos,14.9696418,-89.5424891,118
562,GT,Poptún,14.9696418,-89.5424891,118
563,GT,San Andrés,14.9696418,-89.5424891,118
564,GT,San Benito,14.9696418,-89.5424891,118
565,GT,San Francisco,14.9696418,-89.5424891,118
566,GT,San José,14.9696418,-89.5424891,118
567,GT,San Luis,14.9696418,-89.5424891,118
568,GT,Santa Ana,14.9696418,-89.5424891,118
569,GT,Sayaxché,14.9696418,-89.5424891,118
570,GT,Las Cruces,14.9696418,-89.5424891,118
571,GT,Almolonga,14.9696418,-89.5424891,119
572,GT,Cabricán,14.9696418,-89.5424891,119
573,GT,Cajolá,14.9696418,-89.5424891,119
574,GT,Cantel,14.9696418,-89.5424891,119
575,GT,Coatepeque,14.9696418,-89.5424891,119
576,GT,Colomba,14.9696418,-89.5424891,119
577,GT,Concepción Chiquirichapa,14.9696418,-89.5424891,119
578,GT,El Palmar,14.9696418,-89.5424891,119
579,GT,Flores Costa Cuca,14.9696418,-89.5424891,119
580,GT,Génova,14.9696418,-89.5424891,119
581,GT,Huitán,14.9696418,-89.5424891,119
582,GT,La Esperanza,14.9696418,-89.5424891,119
583,GT,Olintepeque,14.9696418,-89.5424891,119
584,GT,Ostuncalco,14.9696418,-89.5424891,119
585,GT,Palestina de Los Altos,14.9696418,-89.5424891,119
586,GT,Quetzaltenango,14.9696418,-89.5424891,119
587,GT,Salcajá,14.9696418,-89.5424891,119
588,GT,San Carlos Sija,14.9696418,-89.5424891,119
589,GT,San Francisco La Unión,14.9696418,-89.5424891,119
590,GT,San Martín Sacatepéquez,14.9696418,-89.5424891,119
591,GT,San Mateo,14.9696418,-89.5424891,119
592,GT,San Miguel Sigüilá,14.9696418,-89.5424891,119
593,GT,Sibilia,14.9696418,-89.5424891,119
594,GT,Zunil,14.9696418,-89.5424891,119
595,GT,Canillá,14.9696418,-89.5424891,120
596,GT,Chajul,14.9696418,-89.5424891,120
597,GT,Chicamán,14.9696418,-89.5424891,120
598,GT,Chiché,14.9696418,-89.5424891,120
599,GT,Chichicastenango,14.9696418,-89.5424891,120
600,GT,Chinique,14.9696418,-89.5424891,120
601,GT,Cunén,14.9696418,-89.5424891,120
602,GT,Ixcán,14.9696418,-89.5424891,120
603,GT,Joyabaj,14.9696418,-89.5424891,120
604,GT,Nebaj,14.9696418,-89.5424891,120
605,GT,Pachalum,14.9696418,-89.5424891,120
606,GT,Patzité,14.9696418,-89.5424891,120
607,GT,Sacapulas,14.9696418,-89.5424891,120
608,GT,San Andrés Sajcabajá,14.9696418,-89.5424891,120
609,GT,San Antonio Ilotenango,14.9696418,-89.5424891,120
610,GT,San Bartolomé Jocotenango,14.9696418,-89.5424891,120
611,GT,San Juan Cotzal,14.9696418,-89.5424891,120
612,GT,San Pedro Jocopilas,14.9696418,-89.5424891,120
613,GT,Santa Cruz del Quiché,14.9696418,-89.5424891,120
614,GT,Uspantán,14.9696418,-89.5424891,120
615,GT,Zacualpa,14.9696418,-89.5424891,120
616,GT,Champerico,14.9696418,-89.5424891,121
617,GT,El Asintal,14.9696418,-89.5424891,121
618,GT,Nuevo San Carlos,14.9696418,-89.5424891,121
619,GT,Retalhuleu,14.9696418,-89.5424891,121
620,GT,San Andrés Villa Seca,14.9696418,-89.5424891,121
621,GT,San Felipe,14.9696418,-89.5424891,121
622,GT,San Martín Zapotitlán,14.9696418,-89.5424891,121
623,GT,San Sebastián,14.9696418,-89.5424891,121
624,GT,Santa Cruz Muluá,14.9696418,-89.5424891,121
625,GT,Alotenango,14.9696418,-89.5424891,122
626,GT,Antigua,14.9696418,-89.5424891,122
627,GT,Ciudad Vieja,14.9696418,-89.5424891,122
628,GT,Jocotenango,14.9696418,-89.5424891,122
629,GT,Magdalena Milpas Altas,14.9696418,-89.5424891,122
630,GT,Pastores,14.9696418,-89.5424891,122
631,GT,San Antonio Aguas Calientes,14.9696418,-89.5424891,122
632,GT,San Bartolomé Milpas Altas,14.9696418,-89.5424891,122
633,GT,San Lucas Sacatepéquez,14.9696418,-89.5424891,122
634,GT,San Miguel Dueñas,14.9696418,-89.5424891,122
635,GT,Santa Catarina Barahona,14.9696418,-89.5424891,122
636,GT,Santa Lucía Milpas Altas,14.9696418,-89.5424891,122
637,GT,Santa María de Jesús,14.9696418,-89.5424891,122
638,GT,Santiago Sacatepéquez,14.9696418,-89.5424891,122
639,GT,Santo Domingo Xenacoj,14.9696418,-89.5424891,122
640,GT,Sumpango,14.9696418,-89.5424891,122
641,GT,Ayutla,14.9696418,-89.5424891,123
642,GT,Catarina,14.9696418,-89.5424891,123
643,GT,Comitancillo,14.9696418,-89.5424891,123
644,GT,Concepción Tutuapa,14.9696418,-89.5424891,123
645,GT,El Quetzal,14.9696418,-89.5424891,123
646,GT,El Rodeo,14.9696418,-89.5424891,123
647,GT,El Tumbador,14.9696418,-89.5424891,123
648,GT,Esquipulas Palo Gordo,14.9696418,-89.5424891,123
649,GT,Ixchiguan,14.9696418,-89.5424891,123
650,GT,La Reforma,14.9696418,-89.5424891,123
651,GT,Malacatán,14.9696418,-89.5424891,123
652,GT,Nuevo Progreso,14.9696418,-89.5424891,123
653,GT,Ocos,14.9696418,-89.5424891,123
654,GT,Pajapita,14.9696418,-89.5424891,123
655,GT,Río Blanco,14.9696418,-89.5424891,123
656,GT,San Antonio Sacatepéquez,14.9696418,-89.5424891,123
657,GT,San Cristóbal Cucho,14.9696418,-89.5424891,123
658,GT,San José Ojetenam,14.9696418,-89.5424891,123
659,GT,San Lorenzo,14.9696418,-89.5424891,123
660,GT,San Marcos,14.9696418,-89.5424891,123
661,GT,San Miguel Ixtahuacán,14.9696418,-89.5424891,123
662,GT,San Pablo,14.9696418,-89.5424891,123
663,GT,San Pedro Sacatepéquez,14.9696418,-89.5424891,123
664,GT,San Rafael Pie de La Cuesta,14.9696418,-89.5424891,123
665,GT,San Sibinal,14.9696418,-89.5424891,123
666,GT,Sipacapa,14.9696418,-89.5424891,123
667,GT,Tacaná,14.9696418,-89.5424891,123
668,GT,Tajumulco,14.9696418,-89.5424891,123
669,GT,Tejutla,14.9696418,-89.5424891,123
670,GT,Barberena,14.9696418,-89.5424891,124
671,GT,Casillas,14.9696418,-89.5424891,124
672,GT,Chiquimulilla,14.9696418,-89.5424891,124
673,GT,Cuilapa,14.9696418,-89.5424891,124
674,GT,Guazacapán,14.9696418,-89.5424891,124
675,GT,Nueva Santa Rosa,14.9696418,-89.5424891,124
676,GT,Oratorio,14.9696418,-89.5424891,124
677,GT,Pueblo Nuevo Viñas,14.9696418,-89.5424891,124
678,GT,San Juan Tecuaco,14.9696418,-89.5424891,124
679,GT,San Rafael Las Flores,14.9696418,-89.5424891,124
680,GT,Santa Cruz Naranjo,14.9696418,-89.5424891,124
681,GT,Santa María Ixhuatán,14.9696418,-89.5424891,124
682,GT,Santa Rosa de Lima,14.9696418,-89.5424891,124
683,GT,Taxisco,14.9696418,-89.5424891,124
684,GT,Concepción,14.9696418,-89.5424891,125
685,GT,Nahualá,14.9696418,-89.5424891,125
686,GT,Panajachel,14.9696418,-89.5424891,125
687,GT,San Andrés Semetabaj,14.9696418,-89.5424891,125
688,GT,San Antonio Palopó,14.9696418,-89.5424891,125
689,GT,San José Chacaya,14.9696418,-89.5424891,125
690,GT,San Juan La Laguna,14.9696418,-89.5424891,125
691,GT,San Lucas Tolimán,14.9696418,-89.5424891,125
692,GT,San Marcos La Laguna,14.9696418,-89.5424891,125
693,GT,San Pablo La Laguna,14.9696418,-89.5424891,125
694,GT,San Pedro La Laguna,14.9696418,-89.5424891,125
695,GT,Santa Catarina Ixtahuacan,14.9696418,-89.5424891,125
696,GT,Santa Catarina Palopó,14.9696418,-89.5424891,125
697,GT,Santa Clara La Laguna,14.9696418,-89.5424891,125
698,GT,Santa Cruz La Laguna,14.9696418,-89.5424891,125
699,GT,Santa Lucía Utatlán,14.9696418,-89.5424891,125
700,GT,Santa María Visitación,14.9696418,-89.5424891,125
701,GT,Santiago Atitlán,14.9696418,-89.5424891,125
702,GT,Sololá,14.9696418,-89.5424891,125
703,GT,Chicacao,14.9696418,-89.5424891,126
704,GT,Cuyotenango,14.9696418,-89.5424891,126
705,GT,Mazatenango,14.9696418,-89.5424891,126
706,GT,Patulul,14.9696418,-89.5424891,126
707,GT,Pueblo Nuevo,14.9696418,-89.5424891,126
708,GT,Río Bravo,14.9696418,-89.5424891,126
709,GT,Samayac,14.9696418,-89.5424891,126
710,GT,San Antonio Suchitepéquez,14.9696418,-89.5424891,126
711,GT,San Bernardino,14.9696418,-89.5424891,126
712,GT,San Francisco Zapotitlán,14.9696418,-89.5424891,126
713,GT,San Gabriel,14.9696418,-89.5424891,126
714,GT,San José El Idolo,14.9696418,-89.5424891,126
715,GT,San Juan Bautista,14.9696418,-89.5424891,126
716,GT,San Lorenzo,14.9696418,-89.5424891,126
717,GT,San Miguel Panán,14.9696418,-89.5424891,126
718,GT,San Pablo Jocopilas,14.9696418,-89.5424891,126
719,GT,Santa Bárbara,14.9696418,-89.5424891,126
720,GT,Santo Domingo Suchitepequez,14.9696418,-89.5424891,126
721,GT,Santo Tomas La Unión,14.9696418,-89.5424891,126
722,GT,Zunilito,14.9696418,-89.5424891,126
723,GT,Momostenango,14.9696418,-89.5424891,127
724,GT,San Andrés Xecul,14.9696418,-89.5424891,127
725,GT,San Bartolo,14.9696418,-89.5424891,127
726,GT,San Cristóbal Totonicapán,14.9696418,-89.5424891,127
727,GT,San Francisco El Alto,14.9696418,-89.5424891,127
728,GT,Santa Lucía La Reforma,14.9696418,-89.5424891,127
729,GT,Santa María Chiquimula,14.9696418,-89.5424891,127
730,GT,Totonicapán,14.9696418,-89.5424891,127
731,GT,Cabañas,14.9696418,-89.5424891,128
732,GT,Estanzuela,14.9696418,-89.5424891,128
733,GT,Gualán,14.9696418,-89.5424891,128
734,GT,Huité,14.9696418,-89.5424891,128
735,GT,La Unión,14.9696418,-89.5424891,128
736,GT,Río Hondo,14.9696418,-89.5424891,128
737,GT,San Diego,14.9696418,-89.5424891,128
738,GT,Teculután,14.9696418,-89.5424891,128
739,GT,Usumatlán,14.9696418,-89.5424891,128
740,GT,Zacapa,14.9696418,-89.5424891,128
741,SV,Ahuachapán,13.22028,-89.92972,95
742,SV,Apaneca,13.22029,-89.92973,95
743,SV,Atiquizaya,13.2203,-89.92974,95
744,SV,Concepción de Ataco,13.22031,-89.92975,95
745,SV,El Refugio,13.22032,-89.92976,95
746,SV,Guaymango,13.22033,-89.92977,95
747,SV,Jujutla,13.22034,-89.92978,95
748,SV,San Francisco Menéndez,13.22035,-89.92979,95
749,SV,San Lorenzo,13.22036,-89.9298,95
750,SV,San Pedro Puxtla,13.22037,-89.92981,95
751,SV,Tacuba,13.22038,-89.92982,95
752,SV,Turín,13.22039,-89.92983,95
753,SV,Cinquera,13.2204,-89.92984,96
754,SV,Dolores,13.22041,-89.92985,96
755,SV,Guacotecti,13.22042,-89.92986,96
756,SV,Ilobasco,13.22043,-89.92987,96
757,SV,Jutiapa,13.22044,-89.92988,96
758,SV,San Isidro,13.22045,-89.92989,96
759,SV,Sensuntepeque,13.22046,-89.9299,96
760,SV,Tejutepeque,13.22047,-89.92991,96
761,SV,Victoria,13.22048,-89.92992,96
762,SV,Agua Caliente,13.22049,-89.92993,97
763,SV,Arcatao,13.2205,-89.92994,97
764,SV,Azacualpa,13.22051,-89.92995,97
765,SV,Chalatenango,13.22052,-89.92996,97
766,SV,Citalá,13.22053,-89.92997,97
767,SV,Comalapa,13.22054,-89.92998,97
768,SV,Concepción Quezaltepeque,13.22055,-89.92999,97
769,SV,Dulce Nombre de María,13.22056,-89.93,97
770,SV,El Carrizal,13.22057,-89.93001,97
771,SV,El Paraíso,13.22058,-89.93002,97
772,SV,La Laguna,13.22059,-89.93003,97
773,SV,La Palma,13.2206,-89.93004,97
774,SV,La Reina,13.22061,-89.93005,97
775,SV,Las Vueltas,13.22062,-89.93006,97
776,SV,Nombre de Jesús,13.22063,-89.93007,97
777,SV,Nueva Concepción,13.22064,-89.93008,97
778,SV,Nueva Trinidad,13.22065,-89.93009,97
779,SV,Ojos de Agua,13.22066,-89.9301,97
780,SV,Potonico,13.22067,-89.93011,97
781,SV,San Antonio de la Cruz (San Antonio La Cruz),13.22068,-89.93012,97
782,SV,San Antonio Los Ranchos (San Antonio Ranchos),13.22069,-89.93013,97
783,SV,San Fernando,13.2207,-89.93014,97
784,SV,San Francisco Lempa,13.22071,-89.93015,97
785,SV,San Francisco Morazán,13.22072,-89.93016,97
786,SV,San Ignacio,13.22073,-89.93017,97
787,SV,San Isidro Labrador,13.22074,-89.93018,97
788,SV,San José Cancasque,13.22075,-89.93019,97
789,SV,San José Las Flores,13.22076,-89.9302,97
790,SV,San Luis del Carmen,13.22077,-89.93021,97
791,SV,San Miguel de Mercedes,13.22078,-89.93022,97
792,SV,San Rafael,13.22079,-89.93023,97
793,SV,Santa Rita,13.2208,-89.93024,97
794,SV,Tejutla,13.22081,-89.93025,97
795,SV,Candelaria,13.22082,-89.93026,98
796,SV,Cojutepeque,13.22083,-89.93027,98
797,SV,El Carmen,13.22084,-89.93028,98
798,SV,El Rosario,13.22085,-89.93029,98
799,SV,Monte San Juan,13.22086,-89.9303,98
800,SV,Oratorio de Concepción,13.22087,-89.93031,98
801,SV,San Bartolomé Perulapía,13.22088,-89.93032,98
802,SV,San Cristóbal,13.22089,-89.93033,98
803,SV,San José Guayabal,13.2209,-89.93034,98
804,SV,San Pedro Perulapán,13.22091,-89.93035,98
805,SV,San Rafael Cedros,13.22092,-89.93036,98
806,SV,San Ramón,13.22093,-89.93037,98
807,SV,Santa Cruz Analquito,13.22094,-89.93038,98
808,SV,Santa Cruz Michapa,13.22095,-89.93039,98
809,SV,Suchitoto,13.22096,-89.9304,98
810,SV,Tenancingo,13.22097,-89.93041,98
811,SV,Zacatecas,13.22098,-89.93042,98
812,SV,Antiguo Cuscatlán,13.22099,-89.93043,99
813,SV,Chiltiupán,13.221,-89.93044,99
814,SV,Ciudad Arce,13.22101,-89.93045,99
815,SV,Colón,13.22102,-89.93046,99
816,SV,Comasagua,13.22103,-89.93047,99
817,SV,Huizúcar,13.22104,-89.93048,99
818,SV,Jayaque,13.22105,-89.93049,99
819,SV,Jicalapa,13.22106,-89.9305,99
820,SV,La Libertad,13.22107,-89.93051,99
821,SV,Nuevo Cuscatlán,13.22108,-89.93052,99
822,SV,Opico,13.22109,-89.93053,99
823,SV,Quezaltepeque,13.2211,-89.93054,99
824,SV,Sacacoyo,13.22111,-89.93055,99
825,SV,San José Villanueva,13.22112,-89.93056,99
826,SV,San Matías,13.22113,-89.93057,99
827,SV,San Pablo Tacachico,13.22114,-89.93058,99
828,SV,Santa Tecla,13.22115,-89.93059,99
829,SV,Talnique,13.22116,-89.9306,99
830,SV,Tamanique,13.22117,-89.93061,99
831,SV,Teotepeque,13.22118,-89.93062,99
832,SV,Tepecoyo,13.22119,-89.93063,99
833,SV,Zaragoza,13.2212,-89.93064,99
834,SV,Cuyultitán,13.22121,-89.93065,100
835,SV,El Rosario,13.22122,-89.93066,100
836,SV,Jerusalén,13.22123,-89.93067,100
837,SV,Mercedes La Ceiba,13.22124,-89.93068,100
838,SV,Olocuilta,13.22125,-89.93069,100
839,SV,Paraíso de Osorio,13.22126,-89.9307,100
840,SV,San Antonio Masahuat,13.22127,-89.93071,100
841,SV,San Emigdio,13.22128,-89.93072,100
842,SV,San Francisco Chinameca,13.22129,-89.93073,100
843,SV,San Juan Nonualco,13.2213,-89.93074,100
844,SV,San Juan Talpa,13.22131,-89.93075,100
845,SV,San Juan Tepezontes,13.22132,-89.93076,100
846,SV,San Luis La Herradura,13.22133,-89.93077,100
847,SV,San Luis Talpa,13.22134,-89.93078,100
848,SV,San Miguel Tepezontes,13.22135,-89.93079,100
849,SV,San Pedro Masahuat,13.22136,-89.9308,100
850,SV,San Pedro Nonualco,13.22137,-89.93081,100
851,SV,San Rafael Obrajuelo,13.22138,-89.93082,100
852,SV,Santa María Ostuma,13.22139,-89.93083,100
853,SV,Santiago Nonualco,13.2214,-89.93084,100
854,SV,Tapalhuaca,13.22141,-89.93085,100
855,SV,Zacatecoluca,13.22142,-89.93086,100
856,SV,Anamorós,13.22143,-89.93087,101
857,SV,Bolívar,13.22144,-89.93088,101
858,SV,Concepción de Oriente,13.22145,-89.93089,101
859,SV,Conchagua,13.22146,-89.9309,101
860,SV,El Carmen,13.22147,-89.93091,101
861,SV,El Sauce,13.22148,-89.93092,101
862,SV,Intipucá,13.22149,-89.93093,101
863,SV,La Unión,13.2215,-89.93094,101
864,SV,Lislique,13.22151,-89.93095,101
865,SV,Meanguera del Golfo,13.22152,-89.93096,101
866,SV,Nueva Esparta,13.22153,-89.93097,101
867,SV,Pasaquina,13.22154,-89.93098,101
868,SV,Polorós,13.22155,-89.93099,101
869,SV,San Alejo,13.22156,-89.931,101
870,SV,San José,13.22157,-89.93101,101
871,SV,Santa Rosa de Lima,13.22158,-89.93102,101
872,SV,Yayantique,13.22159,-89.93103,101
873,SV,Yucuaiquín,13.2216,-89.93104,101
874,SV,Arambala,13.22161,-89.93105,102
875,SV,Cacaopera,13.22162,-89.93106,102
876,SV,Chilanga,13.22163,-89.93107,102
877,SV,Corinto,13.22164,-89.93108,102
878,SV,Delicias de Concepción,13.22165,-89.93109,102
879,SV,El Divisadero,13.22166,-89.9311,102
880,SV,El Rosario,13.22167,-89.93111,102
881,SV,Gualococti,13.22168,-89.93112,102
882,SV,Guatajiagua,13.22169,-89.93113,102
883,SV,Joateca,13.2217,-89.93114,102
884,SV,Jocoaitique,13.22171,-89.93115,102
885,SV,Jocoro,13.22172,-89.93116,102
886,SV,Lolotiquillo,13.22173,-89.93117,102
887,SV,Meanguera,13.22174,-89.93118,102
888,SV,Osicala,13.22175,-89.93119,102
889,SV,Perquín,13.22176,-89.9312,102
890,SV,San Carlos,13.22177,-89.93121,102
891,SV,San Fernando,13.22178,-89.93122,102
892,SV,San Francisco Gotera,13.22179,-89.93123,102
893,SV,San Isidro,13.2218,-89.93124,102
894,SV,San Simón,13.22181,-89.93125,102
895,SV,Sensembra,13.22182,-89.93126,102
896,SV,Sociedad,13.22183,-89.93127,102
897,SV,Torola,13.22184,-89.93128,102
898,SV,Yamabal,13.22185,-89.93129,102
899,SV,Yoloaiquín,13.22186,-89.9313,102
900,SV,Carolina,13.22187,-89.93131,103
901,SV,Chapeltique,13.22188,-89.93132,103
902,SV,Chinameca,13.22189,-89.93133,103
903,SV,Chirilagua,13.2219,-89.93134,103
904,SV,Ciudad Barrios,13.22191,-89.93135,103
905,SV,Comacarán,13.22192,-89.93136,103
906,SV,El Tránsito,13.22193,-89.93137,103
907,SV,Lolotique,13.22194,-89.93138,103
908,SV,Moncagua,13.22195,-89.93139,103
909,SV,Nueva Guadalupe,13.22196,-89.9314,103
910,SV,Nuevo Edén de San Juan,13.22197,-89.93141,103
911,SV,Quelepa,13.22198,-89.93142,103
912,SV,San Antonio,13.22199,-89.93143,103
913,SV,San Gerardo,13.222,-89.93144,103
914,SV,San Jorge,13.22201,-89.93145,103
915,SV,San Luis de la Reina,13.22202,-89.93146,103
916,SV,San Miguel,13.22203,-89.93147,103
917,SV,San Rafael (San Rafael Oriente),13.22204,-89.93148,103
918,SV,Sesori,13.22205,-89.93149,103
919,SV,Uluazapa,13.22206,-89.9315,103
920,SV,Aguilares,13.22207,-89.93151,34
921,SV,Apopa,13.22208,-89.93152,34
922,SV,Ayutuxtepeque,13.22209,-89.93153,34
923,SV,Cuscatancingo,13.2221,-89.93154,34
924,SV,Delgado,13.22211,-89.93155,34
925,SV,El Paisnal,13.22212,-89.93156,34
926,SV,Guazapa,13.22213,-89.93157,34
927,SV,Ilopango,13.22214,-89.93158,34
928,SV,Mejicanos,13.22215,-89.93159,34
929,SV,Nejapa,13.22216,-89.9316,34
930,SV,Panchimalco,13.22217,-89.93161,34
931,SV,Rosario de Mora,13.22218,-89.93162,34
932,SV,San Marcos,13.22219,-89.93163,34
933,SV,San Martín,13.2222,-89.93164,34
934,SV,Santiago Texacuangos,13.22222,-89.93166,34
935,SV,Santo Tomás,13.22223,-89.93167,34
936,SV,Soyapango,13.22224,-89.93168,34
937,SV,Tonacatepeque,13.22225,-89.93169,34
938,SV,Apastepeque,13.22226,-89.9317,104
939,SV,Guadalupe,13.22227,-89.93171,104
940,SV,San Cayetano Istepeque,13.22228,-89.93172,104
941,SV,San Esteban Catarina,13.22229,-89.93173,104
942,SV,San Ildefonso,13.2223,-89.93174,104
943,SV,San Lorenzo,13.22231,-89.93175,104
944,SV,San Sebastián,13.22232,-89.93176,104
945,SV,San Vicente,13.22233,-89.93177,104
946,SV,Santa Clara,13.22234,-89.93178,104
947,SV,Santo Domingo,13.22235,-89.93179,104
948,SV,Tecoluca,13.22236,-89.9318,104
949,SV,Tepetitán,13.22237,-89.93181,104
950,SV,Verapaz,13.22238,-89.93182,104
951,SV,Candelaria de la Frontera,13.22239,-89.93183,105
952,SV,Chalchuapa,13.2224,-89.93184,105
953,SV,Coatepeque,13.22241,-89.93185,105
954,SV,El Congo,13.22242,-89.93186,105
955,SV,El Porvenir,13.22243,-89.93187,105
956,SV,Masahuat,13.22244,-89.93188,105
957,SV,Metapán,13.22245,-89.93189,105
958,SV,San Antonio Pajonal,13.22246,-89.9319,105
959,SV,San Sebastián Salitrillo,13.22247,-89.93191,105
960,SV,Santa Ana,13.22248,-89.93192,105
961,SV,Santa Rosa Guachipilín,13.22249,-89.93193,105
962,SV,Santiago de la Frontera,13.2225,-89.93194,105
963,SV,Texistepeque,13.22251,-89.93195,105
964,SV,Acajutla,13.22252,-89.93196,106
965,SV,Armenia,13.22253,-89.93197,106
966,SV,Caluco,13.22254,-89.93198,106
967,SV,Cuisnahuat,13.22255,-89.93199,106
968,SV,Izalco,13.22256,-89.932,106
969,SV,Juayúa,13.22257,-89.93201,106
970,SV,Nahuizalco,13.22258,-89.93202,106
971,SV,Nahulingo,13.22259,-89.93203,106
972,SV,Salcoatitán,13.2226,-89.93204,106
973,SV,San Antonio del Monte,13.22261,-89.93205,106
974,SV,San Julián,13.22262,-89.93206,106
975,SV,Santa Catarina Masahuat,13.22263,-89.93207,106
976,SV,Santa Isabel Ishuatán,13.22264,-89.93208,106
977,SV,Santo Domingo,13.22265,-89.93209,106
978,SV,Sonsonate,13.22266,-89.9321,106
979,SV,Sonzacate,13.22267,-89.93211,106
980,SV,Alegría,13.22268,-89.93212,107
981,SV,Berlín,13.22269,-89.93213,107
982,SV,California,13.2227,-89.93214,107
983,SV,Concepción Batres,13.22271,-89.93215,107
984,SV,El Triunfo,13.22272,-89.93216,107
985,SV,Ereguayquín,13.22273,-89.93217,107
986,SV,Estanzuelas,13.22274,-89.93218,107
987,SV,Jiquilisco,13.22275,-89.93219,107
988,SV,Jucuapa,13.22276,-89.9322,107
989,SV,Jucuarán,13.22277,-89.93221,107
990,SV,Mercedes Umaña,13.22278,-89.93222,107
991,SV,Nueva Granada,13.22279,-89.93223,107
992,SV,Ozatlán,13.2228,-89.93224,107
993,SV,Puerto El Triunfo,13.22281,-89.93225,107
994,SV,San Agustín,13.22282,-89.93226,107
995,SV,San Buenaventura,13.22283,-89.93227,107
996,SV,San Dionisio,13.22284,-89.93228,107
997,SV,San Francisco Javier,13.22285,-89.93229,107
998,SV,Santa Elena,13.22286,-89.9323,107
999,SV,Santa María,13.22287,-89.93231,107
1000,SV,Santiago de María,13.22288,-89.93232,107
1001,SV,Tecapán,13.22289,-89.93233,107
1002,SV,Usulután,13.2229,-89.93234,107
1003,CO,San Antonio de Prado,6.1812387,-75.6657806,1
1004,CO,Arboletes,8.8420069,-76.4263276,1
1005,NI,Managua,12.133064,-86.2836968,129
1006,CO,El Santuario,6.1240195,-75.3085941,1
1007,CO,Sonsón,5.7120233,-75.3185533,1
1008,CR,San José,9.93333,-8.408333,136
1009,CR,Alajuela,9.93333,-8.408333,130
1010,CR,Desamparados,9.93333,-8.408333,136
1011,CR,San Carlos,9.93333,-8.408333,130
1012,CR,Cartago,9.93333,-8.408333,131
1013,CR,Pérez Zeledón,9.93333,-8.408333,136
1014,CR,Pococí,9.93333,-8.408333,134
1015,CR,Heredia,9.93333,-8.408333,133
1016,CR,Puntarenas,9.93333,-8.408333,135
1017,CR,Goicoechea,9.93333,-8.408333,136
1018,CR,La Unión,9.93333,-8.408333,131
1019,CR,Limón,9.93333,-8.408333,134
1020,CR,San Ramón,9.93333,-8.408333,130
1021,CR,Alajuelita,9.93333,-8.408333,136
1022,CR,Turrialba,9.93333,-8.408333,131
1023,CR,Grecia,9.93333,-8.408333,130
1024,CR,Curridabat,9.93333,-8.408333,136
1025,CR,Tibás,9.93333,-8.408333,136
1026,CR,Liberia,9.93333,-8.408333,132
1027,CR,Vázquez de Coronado,9.93333,-8.408333,136
1028,CR,Aserrí,9.93333,-8.408333,136
1029,CR,Paraíso,9.93333,-8.408333,131
1030,CR,Sarapiquí,9.93333,-8.408333,133
1031,CR,Siquirres,9.93333,-8.408333,134
1032,CR,Moravia,9.93333,-8.408333,136
1033,CR,Escazú,9.93333,-8.408333,136
1034,CR,Santa Cruz,9.93333,-8.408333,132
1035,CR,Nicoya,9.93333,-8.408333,132
1036,CR,Montes de Oca,9.93333,-8.408333,136
1037,CR,Santa Ana,9.93333,-8.408333,136
1038,CR,San Rafael,9.93333,-8.408333,133
1039,CR,Oreamuno,9.93333,-8.408333,131
1040,CR,Buenos Aires,9.93333,-8.408333,135
1041,CR,Upala,9.93333,-8.408333,130
1042,CR,Naranjo,9.93333,-8.408333,130
1043,CR,Corredores,9.93333,-8.408333,135
1044,CR,El Guarco,9.93333,-8.408333,131
1045,CR,Guácimo,9.93333,-8.408333,134
1046,CR,Barva,9.93333,-8.408333,133
1047,CR,Santo Domingo,9.93333,-8.408333,133
1048,CR,Golfito,9.93333,-8.408333,135
1049,CR,Coto Brus,9.93333,-8.408333,135
1050,CR,Matina,9.93333,-8.408333,134
1051,CR,Carrillo,9.93333,-8.408333,132
1052,CR,Santa Bárbara,9.93333,-8.408333,133
1053,CR,Palmares,9.93333,-8.408333,130
1054,CR,Puriscal,9.93333,-8.408333,136
1055,CR,Talamanca,9.93333,-8.408333,134
1056,CR,Osa,9.93333,-8.408333,135
1057,CR,Poás,9.93333,-8.408333,130
1058,CR,Esparza,9.93333,-8.408333,135
1059,CR,San Pablo,9.93333,-8.408333,133
1060,CR,Quepos,9.93333,-8.408333,135
1061,CR,Mora,9.93333,-8.408333,136
1062,CR,Cañas,9.93333,-8.408333,132
1063,CR,Atenas,9.93333,-8.408333,130
1064,CR,Los Chiles,9.93333,-8.408333,130
1065,CR,Belén,9.93333,-8.408333,133
1066,CR,San Isidro,9.93333,-8.408333,133
1067,CR,Orotina,9.93333,-8.408333,130
1068,CR,Acosta,9.93333,-8.408333,136
1069,CR,Flores,9.93333,-8.408333,133
1070,CR,Tilarán,9.93333,-8.408333,132
1071,CR,Bagaces,9.93333,-8.408333,132
1072,CR,La Cruz,9.93333,-8.408333,132
1073,CR,Sarchí,9.93333,-8.408333,130
1074,CR,Abangares,9.93333,-8.408333,132
1075,CR,Garabito,9.93333,-8.408333,135
1076,CR,Tarrazú,9.93333,-8.408333,136
1077,CR,Parrita,9.93333,-8.408333,135
1078,CR,Guatuso,9.93333,-8.408333,130
1079,CR,Jiménez,9.93333,-8.408333,131
1080,CR,Alvarado,9.93333,-8.408333,131
1081,CR,Montes de Oro,9.93333,-8.408333,135
1082,CR,Zarcero,9.93333,-8.408333,130
1083,CR,León Cortés,9.93333,-8.408333,136
1084,CR,Nandayure,9.93333,-8.408333,132
1085,CR,Río Cuarto,9.93333,-8.408333,130
1086,CR,Hojancha,9.93333,-8.408333,132
1087,CR,Dota,9.93333,-8.408333,136
1088,CR,San Mateo,9.93333,-8.408333,130
1089,CR,Turrubares,9.93333,-8.408333,136
1090,CO,Purificación,3.860409,-74.92802,23
1091,CO,Saldaña,3.928504,-75.015246,23
1092,CO,Anzoategui,4.6322721,-75.0973999,23
1093,CO,Villarrica,3.9366722,-74.6051949,23
1094,CO,Santa Isabel,4.7135352,-75.1021039,23
1095,CO,Venadillo,4.7148363,-74.9360354,23
1096,CO,Villahermosa,5.0304111,-75.1224174,23
1097,MX,Navojoa,27.067996,-109.4868181,69
1099,MX,San José del Cabo,23.0721676,-109.7456885,46
1101,MX,Cd. Obregón,27.4828809,-109.9759004,69
1103,MX,Guasave,25.5701803,-108.4915823,68
1105,MX,Carrizo,26.2672792,-109.0396193,68
1107,MX,Cabo San Lucas,22.8962649,-109.9505077,46
1109,MX,Guamuchil,25.4597003,-108.0934866,68
1111,MX,Agua Prieta,31.3115674,-109.5680773,69
1113,MX,Cd. Constitución,25.0483016,-111.6783499,46
1115,MX,Los Planes,23.933352,-110.0920878,46
1117,MX,Ahome,25.9213619,-109.1840892,68
1119,MX,Costa Rica,24.5923705,-107.4030405,68
1121,MX,Caborca,30.7149015,-112.1790715,69
1123,MX,Huatabampo,26.829406,-109.6587607,69
1124,MX,Navolato,27.0338928,-109.5723989,68
1125,MX,El Dorado,24.3244457,-107.3741417,68
1128,MX,La Cruz,23.9240911,-106.89944,68
1130,MX,Pueblo Yaqui,27.3555437,-110.0408614,69
1131,MX,Salvador Alvarado,25.380949,-108.227931,68
1132,CO,San Martin,3.6985129,-73.7060628,16
1133,CO,Nemocón,5.0674157,-73.8849739,11
1134,MX,Tecate,32.5619348,-116.6577903,45
1135,MX,Rosarito,32.3594779,-117.1274428,45
1136,MX,San Felipe,31.009535,-114.8727296,45
1137,MX,Puerto Nuevo,32.2404193,-116.9365829,45
1138,MX,Lagos de Moreno,21.3552068,-101.9580522,57
1139,MX,Imuris,30.7887722,-110.8617123,69
1140,MX,Nogales,31.2875655,-110.971686,69
1141,MX,San Luis Rio Colorado,32.4457344,-114.793741,69
1142,MX,Santa Ana,30.5345495,-111.1396878,69
1143,CO,Abejorral,5.7886935,-75.4373583,1
1144,CO,Amalfi,6.9064482,-75.0906707,1
1145,CO,Anza,6.301106,-75.8582014,1
1146,CO,Bolombolo,5.9693924,-75.8400339,1
1147,CO,Campamento,6.979498,-75.2987906,1
1148,CO,Cañasgordas,6.7505969,-76.0348648,1
1149,CO,Cisneros,6.5383764,-75.0914437,1
1150,CO,Cocorna,6.057265,-75.1899748,1
1151,CO,Concordia,6.044979,-75.9127318,1
1152,CO,Dabeiba,6.9973739,-76.2718708,1
1153,CO,Ebejico,6.3231183,-75.8519593,1
1154,CO,El Bagre,7.6013567,-74.8227865,1
1155,CO,Entrerrios,6.5661465,-75.5212853,1
1156,CO,Gomez Plata,6.7113631,-75.3405395,1
1157,CO,San Jose del nus,6.4954732,-74.8413348,1
1158,CO,San Juan de Uraba,8.7105261,-76.6005208,1
1159,CO,San Luis,6.0424545,-74.9994489,1
1160,CO,San Pedro de Uraba,8.2758429,-76.3884837,1
1161,CO,San Rafael,6.2935445,-75.0329544,1
1162,CO,San Vicente,6.2858155,-75.3402868,1
1163,CO,Santa Barbara,5.874249,-75.5751758,1
1164,CO,Santa Fe de Antioquia,6.557179,-75.8358843,1
1165,CO,Sopetran,6.501534,-75.7477758,1
1166,CO,Taraza,7.5831914,-75.4043439,1
1167,CO,Titiribi,6.0620523,-75.7963438,1
1168,CO,Uramita,6.896805,-76.1765334,1
1169,CO,Vegachi,6.8597806,-74.8875075,1
1170,CO,Venecia,5.9639623,-75.7441718,1
1171,CO,Vigia Del Fuerte,6.5040324,-76.9937967,1
1172,CO,Zaragoza,7.4868799,-74.8760072,1
1173,CO,Ituango,7.1726177,-75.7690573,1
1174,CO,La Pintada,5.7476982,-75.6089818,1
1175,CO,Mutata,7.2441166,-76.4409444,1
1176,CO,Nechi,8.0897259,-74.7859233,1
1177,CO,Necoclí,8.4271957,-76.7932168,1
1178,CO,Nueva Colonia,7.9348007,-76.7251689,1
1179,CO,Pueblorico,5.7941823,-75.8493444,1
1180,CO,Puerto Nare,6.1865076,-74.5881039,1
1181,CO,Puerto Triunfo,5.8807424,-74.6515455,1
1182,CO,Remedios,7.0277877,-74.7017192,1
1183,CO,Salgar,5.9633572,-75.9842013,1
1184,CO,San Carlos,6.1880003,-75.0019818,1
1185,CO,San Jerónimo,6.4425241,-75.7325359,1
1186,CO,San José de la Montaña,6.3045335,-75.6445333,1
1187,CO,Montecristo,8.2956779,-74.4778743,4
1188,CO,Córdoba,9.586792,-74.8315184,4
1189,CO,Rio Sucio,5.4243004,-75.7120892,6
1190,CO,Tierraalta,8.1715701,-76.0798231,10
1191,CO,Valencia,8.2567869,-76.1566913,10
1192,CO,Acandi,8.5101094,-77.2833573,12
1193,CO,San Calixto,8.401599,-73.2133754,18
1194,CO,Belen de Bajira,7.3445788,-76.7427502,12
1195,CO,Istmina,5.1577884,-76.6962948,12
1196,CO,Caicedo,6.4053545,-75.9864982,1
1197,CO,Caceres,7.5790295,-75.3539222,1
1198,CO,Guatavita,4.9344869,-73.8380213,11
1199,CO,Temp_reditos,6.2442,-75.5812,1
1200,MX,Cajeme,28.626068,-111.540386284,69
1201,CO,Abriaquí,6.6345555,-76.0701169,1
1202,CO,Alejandría,6.3748804,-75.1460144,1
1203,CO,Altamira,6.2802563,-75.5845374,1
1204,CO,Angelópolis,6.1096596,-75.7192589,1
1205,CO,Angostura,6.8856485,-75.3402068,1
1206,CO,Anorí,7.0735619,-75.1560417,1
1207,CO,Argelia,5.7308589,-75.1443746,1
1208,CO,Belmira,6.6062409,-75.6709059,1
1209,CO,Betulia,6.1115176,-75.9913373,1
1210,CO,Briceño,7.1128835,-75.5550509,1
1211,CO,Caracolí,6.4087484,-74.7619948,1
1212,CO,Caramanta,5.5489565,-75.6480843,1
1213,CO,Concepción,6.394353,-75.2587697,1
1214,CO,Doradal,5.8998544,-74.7367952,1
1215,CO,El Peñol,6.2188415,-75.2475723,1
1216,CO,Frontino,6.7779572,-76.1504271,1
1217,CO,Giraldo,6.6806234,-75.9557133,1
1218,CO,Guatapé,6.2311374,-75.1625134,1
1219,CO,Hispania,5.7990595,-75.9123709,1
1220,CO,Jericó,5.7905124,-75.7876109,1
1221,CO,Jerusalén,5.897107,-74.8496497,1
1222,CO,La Sierra,6.2262865,-74.5786623,1
1223,CO,Liborina,6.6774504,-75.8161213,1
1224,CO,Maceo,6.5513675,-74.7960488,1
1225,CO,Montebello,5.941536,-75.6096698,1
1226,CO,Murindó,6.976297,-76.8219387,1
1227,CO,Nariño,5.6110149,-75.1785394,1
1228,CO,Olaya,6.6269609,-75.8146042,1
1229,CO,Peque,7.021535,-75.9102962,1
1230,CO,San Andrés de Cuerquía,6.9132444,-75.6799379,1
1231,CO,San Cristóbal,6.2775144,-75.6419441,1
1232,CO,San Roque,6.4858314,-75.0240008,1
1233,CO,Segovia,7.0796045,-74.7078498,1
1234,CO,Támesis,5.6649984,-75.7234557,1
1235,CO,Tarso,5.8649249,-75.8267809,1
1236,CO,Toledo,7.010177,-75.6942927,1
1237,CO,Valparaiso,5.615156,-75.6296514,1
1238,CO,Yalí,6.6690415,-74.8458924,1
1239,CO,Yolombó,6.5959044,-75.0233578,1
1240,CO,Yondó,6.9607701,-74.4617173,1
1241,CO,Caimito,8.7895585,-75.1192668,22
1242,CO,Palmito,9.3336589,-75.5452008,22
1243,CO,Tolúviejo,9.4528485,-75.4435129,22
1244,CO,Belalcazar,4.9949425,-75.8136307,6
1245,CO,Carolina,6.724917,-75.2866764,1
1246,CO,Pueblo Nuevo,7.1774136,-75.362252,1
1247,CO,Guadalupe,4.837109,-75.6838592,20
1248,HN,Santa Barbara,14.9930148,-88.2795322,92
1249,HN,San Lorenzo,13.4353083,-87.4669439,93
1250,HN,Nacaome,13.5342764,-87.5212956,93
1251,HN,Copán Ruinas,14.8460777,-89.1593959,81
1252,HN,Danli,14.0238067,-86.5737678,83
1253,HN,Islas de la Bahia,16.6803043,-86.0022244,87
1254,HN,San Estebán,15.2132744,-85.7741367,91
1255,HN,Marcala,14.1594623,-88.0446268,88
1256,HN,La Paz,14.3224731,-87.6836799,88
1257,HN,Intibuca,14.3234356,-88.1760764,86
1258,HN,La Esperanza,14.293765,-88.1740165,86
1259,HN,Guaimaca,14.5498549,-86.8474818,84
1260,HN,Talanga,14.4083378,-87.1060896,84
1261,HN,Bonito Oriental,15.7452526,-85.7531619,79
1262,HN,Trujillo,15.9164161,-85.960867,79
1263,HN,Tocoa,15.6572951,-86.0079504,79
1264,PA,Arraiján,8.9370335,-79.6517164,36
1265,HN,Sinuapa,14.4448674,-89.1872746,90
1266,HN,Santa Ana,13.9298289,-87.2787166,84
1267,PA,La Chorrera,8.8741714,-79.7939159,36
1268,HN,Omoa,15.7708607,-88.0403352,82
1269,PA,Los Santos,7.8224167,-80.4644943,137
1270,HN,El Paraíso,13.863014194998243,-86.55162520569708,83
1271,CO,Llanogrande,6.1196029,-75.4365064,1
1272,CO,Guarinocito,5.3425844,-74.7398252,6
1273,CO,Guamo,4.0292819,-74.9835503,23
1274,CO,Puerto Gaitán,4.313541655178329,-72.08333004817315,16
1275,CO,Margarita,9.160947993785271,-74.28503596811109,4
